{
  "accuracy": 0.24334916864608075,
  "macro_f1": 0.20878349942919874,
  "confusion_matrix": [
    [
      623,
      316,
      157,
      70,
      82,
      6
    ],
    [
      338,
      585,
      188,
      27,
      75,
      5
    ],
    [
      443,
      469,
      364,
      156,
      83,
      22
    ],
    [
      961,
      536,
      683,
      334,
      379,
      31
    ],
    [
      279,
      137,
      163,
      93,
      124,
      10
    ],
    [
      159,
      219,
      209,
      37,
      38,
      19
    ]
  ],
  "class_report": "              precision    recall  f1-score   support\n\n           0     0.2223    0.4968    0.3071      1254\n           1     0.2586    0.4803    0.3362      1218\n           2     0.2063    0.2368    0.2205      1537\n           3     0.4658    0.1142    0.1835      2924\n           4     0.1588    0.1538    0.1563       806\n           5     0.2043    0.0279    0.0491       681\n\n    accuracy                         0.2433      8420\n   macro avg     0.2527    0.2517    0.2088      8420\nweighted avg     0.3017    0.2433    0.2173      8420\n"
}