{
  "accuracy": 0.2628266033254157,
  "macro_f1": 0.24504947058714177,
  "confusion_matrix": [
    [
      659,
      190,
      135,
      138,
      62,
      70
    ],
    [
      388,
      477,
      142,
      58,
      55,
      98
    ],
    [
      471,
      370,
      268,
      180,
      79,
      169
    ],
    [
      916,
      337,
      559,
      543,
      286,
      283
    ],
    [
      262,
      72,
      144,
      143,
      105,
      80
    ],
    [
      179,
      130,
      136,
      54,
      21,
      161
    ]
  ],
  "class_report": "              precision    recall  f1-score   support\n\n           0     0.2292    0.5255    0.3192      1254\n           1     0.3027    0.3916    0.3414      1218\n           2     0.1936    0.1744    0.1835      1537\n           3     0.4866    0.1857    0.2688      2924\n           4     0.1727    0.1303    0.1485       806\n           5     0.1870    0.2364    0.2088       681\n\n    accuracy                         0.2628      8420\n   macro avg     0.2620    0.2740    0.2450      8420\nweighted avg     0.3139    0.2628    0.2549      8420\n"
}