{
  "accuracy": 0.26116389548693586,
  "macro_f1": 0.2301621633539986,
  "confusion_matrix": [
    [
      660,
      248,
      42,
      149,
      122,
      33
    ],
    [
      417,
      528,
      43,
      74,
      101,
      55
    ],
    [
      502,
      398,
      105,
      267,
      174,
      91
    ],
    [
      958,
      456,
      183,
      649,
      539,
      139
    ],
    [
      260,
      107,
      37,
      198,
      164,
      40
    ],
    [
      178,
      186,
      50,
      92,
      82,
      93
    ]
  ],
  "class_report": "Class\tPrecision\tRecall\tF1\tSupport\nclass_0\t0.222\t\t0.526\t0.312\t1254\nclass_1\t0.275\t\t0.433\t0.336\t1218\nclass_2\t0.228\t\t0.068\t0.105\t1537\nclass_3\t0.454\t\t0.222\t0.298\t2924\nclass_4\t0.139\t\t0.203\t0.165\t806\nclass_5\t0.206\t\t0.137\t0.164\t681\n\nMacroAvg\t0.254\t\t0.265\t0.230\t8420"
}